0.5337785913684875,0.9325354025181727,0.07355208217011878
0.2856227119770507,0.47932485754022225,-0.40880981486796586
0.49346577809545955,0.123936804457637,-0.9997032221593823
0.6547581185293901,0.04743762219990144,-0.620196269034726
0.15880518864586413,0.5710339851122478,0.9935996828745361
0.7609903291375412,0.42708807858335496,0.1889771984921815
0.5151885979088876,0.25840501688300754,0.11637714096907012
0.6785850266138289,0.14114657007564801,0.9762467465949751
0.24050184888379544,0.8586934349708701,0.8443846004051815
0.30791608455893604,0.9071688253009593,0.9317852746354385
0.03966047310805976,0.34130756318696187,-0.857922576166152
0.24094485808063004,0.18927234093362766,-0.5992745695175739
0.06753572901668048,0.9698549404576707,0.8932900967085814
0.9951002864436953,0.4182342960557486,-0.4563509671860895
0.3560127049182493,0.9652749906511482,-0.4270491292560904
0.07486049153723562,0.4549902711560623,0.7279341673200862
0.9789790619980352,0.5490527201170721,-0.40142716908466053
0.2715277561811844,0.698417553230364,0.8668004924225825
0.5201069692464818,0.5375824444790906,0.1644341369241896
0.40517333991985527,0.3311614783787108,-0.22141727900254826
0.9226470376531776,0.8521577803744868,-0.9984628397140769
0.13596727819065602,0.6262994425510703,0.6686032481547837
0.6729761742618483,0.3527829597991723,0.7535727524782584
0.08757309158920423,0.7450952101709016,-0.6421679033244927
0.5330453719691238,0.17153890835890706,0.5489407425963053
0.20976350796148624,0.534103113289555,0.5460816141109873
0.1646145706077442,0.9849331273415312,0.46035118162026945
0.5119466018435856,0.37975041551589817,-0.6712990589805717
0.413888279804442,0.37401240366956245,-0.8856754048707312
0.9824520021568198,0.23712508516736497,0.902743715971703
0.8550620612670211,0.08879831311494857,0.9976764001932976
0.13322605295330714,0.2712736403197046,-0.9905008793995728
0.4183123823364183,0.0977455425672542,0.3612708817656135
0.042417091476114055,0.680994176207342,-0.9920082621868388
0.6794730759973314,0.09245307977259631,-0.41601720137914794
0.024158593236384585,0.8014207833041056,0.9781308854545592
0.0564033143495124,0.28534245985557405,-0.8910404625687268
0.24346370979868448,0.11631697025338428,0.9541368366344725
0.824386536532724,0.37255073859489085,0.05910087653790413
0.8018943906638636,0.8421421789656804,-0.34157145424674096
0.8725566651831941,0.4212034243690933,-0.9156109781140683
0.7472799307180126,0.2645177848814867,-0.17637624935052884
0.15396875993500658,0.7063281069996178,-0.5761223925085096
0.7017779293203279,0.00747359490168098,0.30597065921064354
0.380828371885791,0.0260882858762137,-0.4518011394190355
0.6347601026146857,0.8431673998631769,0.9766518868865837
0.47283771922412665,0.8408670101755913,-0.5651690808470746
0.10807567618599101,0.5631913207787737,0.8962787365492334
0.6023890659172697,0.5484415561386408,0.9092263516621464
0.41552686605448463,0.8873281394603021,-0.15209406490378719
0.6849137189224375,0.8279563875823737,0.5931528883456926
0.2712831041218132,0.5644105281848442,-0.011055331236383838
0.7653172478972721,0.8309682250165775,-0.26978472238230344
0.13845514612245946,0.393322031209406,0.8627810151177914
0.5372928029121818,0.5937795353192874,-0.07274273665775555
0.3116162306234612,0.5460739607116923,-0.5995039634440434
0.05897353380470227,0.9352620175748508,-0.13722657683685996
0.3522859008063802,0.2838810058929234,0.9976007784348212
0.20189126412939407,0.4949886439026667,0.5696743221658727
0.47873560870236864,0.1531123511176956,-0.671465394650591
0.31704943982054834,0.28235128094588713,0.9165030304789382
0.9882270322997262,0.3718856097470755,-0.9136229273845586
0.5283230721693054,0.16184330808910807,0.1891494401613867
0.29580135413530606,0.775578598824093,-0.6483377313576961
0.17443289846094334,0.8272518356624088,0.6763834338890874
0.7448178946778207,0.7353464727074762,-0.20320573490950178
0.07266518929144428,0.21604410376803596,0.5830539370177121
0.38776462596665107,0.8908274523936814,0.32028218864743063
0.5807795596041803,0.5528496813878828,0.7461742118608461
0.9817366546021481,0.5048560356402523,-0.22891823348932094
0.6456027692680226,0.7240427699267424,-0.9154520188629083
0.3461860444196314,0.9313775441244774,0.6854973668325942
0.02962177184212611,0.2902603521781364,-0.7727339828185629
0.3751702843837741,0.8298410746295745,-0.9926694352267097
0.7583491038616823,0.3862380652722669,0.6358648160661733
0.9745042057703198,0.17577640448888854,-0.0115491359602655
0.7919298442301395,0.2663709945568147,0.4195474673928174
0.8378015675065701,0.4982225001112841,-0.8926322640359782
0.5676521345552724,0.6313187331857343,-0.2027437843321968
0.25818851863231995,0.457590694731122,0.008467678717752792
0.6702977350471135,0.2173917345942208,-0.6017933350497333
0.8571131478258056,0.13139568314102368,-0.10387761755937648
0.24644194484165216,0.47316667076751295,0.08921736748219257
0.2388631659906988,0.257603413475599,-0.45222996290071465
0.3554993149696174,0.13072358476931223,-0.05943436413445618
0.3879776040845224,0.04562725918393118,0.3777961247376257
0.7115674646887489,0.8256140863245268,0.219122550477607
0.15096043746730403,0.8667994190879728,0.6595761304975558
0.8558207173277153,0.18469894610221227,-0.9340922886359003
0.6092167334761353,0.11687380449060103,-0.3891507683263
0.2979833321797347,0.31836105662646885,0.9833513404759142
0.06352671368495333,0.6052632782285867,0.11714844262022392
0.22526685681074876,0.07295921672818106,-0.5623608418816979
0.7979990405651943,0.2591877366014219,0.31162681749383153
0.5095549632354598,0.9621188031966204,0.9991498733048341
0.34975390439294163,0.00869606130392142,-0.9996617006944634
0.42278670030477195,0.33937370179731186,-0.5687561693905043
0.17116537747465,0.5012236755556604,0.8364416125562792
0.5156994150584742,0.7967155978948929,0.9862758864895405
0.9513706497770289,0.2661342040507718,0.6528325806073723
0.9728847231721466,0.44734200398723656,-0.49018434104623504
0.6055094948830491,0.061329543431714595,-0.5567927681843736
0.9964747715716736,0.03644695108046736,0.9839563387009256
0.008744037696989282,0.21610042467795687,0.989246064494566
0.8745504141987771,0.9021245530765083,0.7923621525765164
0.19711756279936388,0.8277482016166833,0.4569519746942955
0.3243220190707169,0.7866946338200199,-0.6335337867769709
0.48123418994501976,0.4643797078300308,-0.3092629610230581
0.8414076251683483,0.08687560359351187,0.9844753574920524
0.21129761871457542,0.6751214020864239,0.7180252165136394
0.5174596398513465,0.113841892106059,-0.9955958670571288
0.05146607746020582,0.5206012784111599,0.5813867633874895
0.42714350881162955,0.21101216801897793,0.50969036341221
0.2183264487149713,0.6562114568216462,0.9522330917579818
0.46010530490299273,0.4813112476222986,-0.49946783591252913
0.4166889495583336,0.3466137429342597,-0.6160348164860746
0.9143843364007198,0.75980229171227,0.9486363249526929
0.08836443788500103,0.07954440533572182,-0.8803182380297858
0.6218849773196716,0.3776798021563412,0.5770954265829475
0.5415313001268592,0.6279371290671222,-0.4613598221921987
0.4979096373362427,0.39351284244144513,-0.6615821657145886
0.9946496449085165,0.5669267128851646,-0.33723515511158303
0.024755387538298645,0.15284048174050613,-0.16661934537259324
0.6834048002369281,0.8894963773637217,0.29260993639397465
0.15020166695385218,0.34096752798773733,0.34427278065722355
0.710924332346336,0.12921211022740609,0.9710323445756839
0.4721532083455414,0.7631674163112974,0.9533109377294774
0.3887640561045853,0.8769714349570944,-0.19623871981038665
0.9288852337207995,0.11291994304323894,-0.32379538414856235
0.343249959124322,0.04614608898525718,-0.15376670072819276
0.29494619642614883,0.5068443524410102,-0.5327998345372496
0.9916239376915804,0.08550982032569543,-0.08837104563970151
0.5918769545039169,0.016712165364309528,0.9705650562597526
0.17775975767539043,0.36708716748966597,0.9144380526610488
0.033706908211384445,0.26076372576010665,-0.17892986522166132
0.19960463463270095,0.07639336764655713,-0.7088445239246597
0.3461640265792918,0.6950711110142307,0.8811929784133042
0.8605915082029266,0.32503961400294634,0.4450475673775462
0.4878901055571554,0.9577697833025415,0.998159649084426
0.5837705408562851,0.3592295062702172,-0.15563619795539704
0.21833074309603284,0.11500352399736402,0.7848572660815272
0.6202632598859396,0.549584831383291,0.9776786765183281
0.27899868169495734,0.8272057240622867,-0.5419282697915564
0.6666839446405297,0.49264502758782236,0.8675898075206109
0.4699993780556103,0.592851562888478,-0.7881851177938515
0.0825420635832137,0.6368688086537974,-0.10644083532750842
0.08264044050937247,0.7659830379052895,-0.04228004159547597
0.6809214046648219,0.7519053632062579,-0.9939155161396611
0.04783364282128566,0.2791639359954665,-0.7431727636621577
0.294400984343267,0.0032662882259173465,-0.6341470169271115
0.3847416560352498,0.05911942558716421,0.7657245370204566
0.2939082588276255,0.1786124222160781,-0.8166974684644863
0.8931216530994226,0.467677791391344,-0.9867460257851393
0.48876407745142647,0.20297132529194295,0.8706510741584275
0.22378001311202678,0.8470876239301115,0.72114826194409
0.577989695773199,0.7872580796861033,0.6111150263276862
0.87301907366422,0.1858826893221629,-0.8137361899365791
0.5313877506154483,0.7173661557920233,-0.6579959000249569
0.9537154410678808,0.6512448707840434,-0.9199347966349344
0.6919944235059766,0.7682508569803991,-0.9756920521357626
0.9619505174341426,0.5712867692692538,-0.7117346491515768
0.6104476520108453,0.28320919795961674,-0.9879850893158526
0.2788869230038734,0.08100980469905872,0.3756867257861035
0.1150091957095809,0.6322754019141994,0.36697259761721224
0.5758770658267764,0.7635168734045883,-0.029256410635817028
0.378373236152841,0.9623379571650658,-0.04502061074591322
0.3255426414790519,0.4764150024663444,-0.7924515886971237
0.21513527495541884,0.27405810506156403,-0.3255081057300478
0.9361551324677546,0.99746656685738,-0.6459624405014333
0.9705855670290454,0.882485251308878,-0.8538826814625872
0.07992681684769698,0.6705012935509652,-0.6857726550034373
0.2778832476460803,0.8922646031438032,0.9820955198229651
0.18663457660422922,0.7845899428752877,-0.7104937762550608
0.01765125331472317,0.0876152213747482,-0.47557589320986426
0.5766508740125911,0.10165838390739779,-0.9808009065011467
0.09738770739289448,0.21945845408152276,0.20586398313272883
0.26660595910481755,0.620718617303854,0.6320931670178616
0.9284359600323646,0.686380043453277,-0.14842596148399873
0.2720058834853205,0.9403624677232644,-0.5007051750802497
0.1732257981009805,0.7482997452974745,-0.9934694375285629
0.1708525032638032,0.3736212730907955,0.9205552456189616
0.12357496681816749,0.3039406021272507,-0.6863183116423569
0.8126003744098016,0.07120586668184292,0.41939166236709163
0.647765700756413,0.6628834551018906,0.244701023447207
0.33565438982836426,0.9948324942086719,-0.9581192442523566
0.22210596164822338,0.716951376658799,-0.01647726961590301
0.5333542967602777,0.16732237522774818,0.4273389062519453
0.3873368477540472,0.24293313350783652,0.8345774246691765
0.5920834014659093,0.3266346946179739,-0.6139429048169432
0.7094191179025104,0.9983719061020245,0.4310716586152228
0.26090224004482154,0.7963096863198715,-0.9773402366522771
0.28603237338538956,0.8374177937051799,-0.30756966915613504
0.44835597743706,0.5442229767887539,-0.6961777214863202
0.6503041252985673,0.05712914134108371,-0.8362804955554366
0.20962765369758352,0.12669390875653452,0.9396922461275152
0.6819553813078962,0.04096726172637688,-0.6873160541294093
0.7018847235251521,0.21284615588769296,-0.7849848062007457
0.1595987964135821,0.9437185103529587,-0.8792711973616723
0.8796340971088852,0.5758267521244135,-0.9563250253443608
0.34791828463024055,0.4984032967731309,-0.9425954947986132
0.2400077644166816,0.0973552223045826,0.49395191979604186
0.8897437766783823,0.10773242375656378,0.34734864595204595
0.4157304547034707,0.07206869612524314,0.981785694982244
0.9892201407723168,0.10503163189392661,-0.7135774057430726
0.16105019798590348,0.5946306563574698,0.9951801094480819
0.1695604453966083,0.25506413017798335,-0.9870373141598578
0.3583495271175079,0.5277947145223849,-0.9671281056383397
0.3292535079619613,0.4621249585230549,-0.7877055831935593
0.005801572066138294,0.8104685559396284,0.7431465263483102
0.3620923058429437,0.4533228958987019,-0.9561979952604464
0.061380237776281765,0.5498178981375815,0.5791914859964797
0.9960906671461254,0.1690187703094317,0.03111338914297731
0.9484942728842392,0.209025967503484,0.675152768146974
0.31114076433172855,0.8691523186291307,0.47368050382546134
0.7103536051875948,0.012539842994375605,0.003286167918305646
0.3401670754624414,0.9745756843295149,-0.844630666905758
0.2091787486248391,0.4549145187189737,0.596246410458388
0.48656663006225065,0.15596298849387968,-0.5126283386577208
0.6605338229320471,0.2181675528472684,-0.5199416747716119
0.7854208260477108,0.618670060943174,0.4060408813013599
0.5326521845624484,0.3194330660126121,-0.9999171404368254
0.49834398318294293,0.9384293510912217,0.6793087071670036
0.08536593413825766,0.26835451722711845,-0.8578392996619361
0.6384815580977138,0.0773759390212595,-0.9986218423912863
0.04605072663553722,0.714581672726748,-0.8256806236166279
0.4809844803972615,0.27936937746653445,-0.002932653954956383
0.18470878290582327,0.2851717191637444,-0.42035509742795985
0.6311358231540547,0.37151583585308157,0.5955989580573989
0.8778895475348732,0.11639445860048603,0.1817124425435266
0.45433062204232644,0.15034793084597986,-0.9085647981488766
0.6269801336642128,0.28043299102781183,-0.9572235361377264
0.7344070142298346,0.349598529829275,0.9999979845570304
0.8438260412848448,0.7426318708592263,0.7468593730500626
0.5751243127624421,0.7536354541861834,-0.2983516500485024
0.3820399967490844,0.13296740398424423,-0.45652089655109473
0.1243228513466762,0.4521290789086292,0.9887185373311456
0.44503290954648556,0.04433286727292762,0.8693086211580244
0.6079300853990971,0.40967233149893323,0.753723645966794
0.49937103343842393,0.31614912851955956,-0.889029742627293
0.5366047817309058,0.12249832304146924,-0.8937542409289624
0.007039827156682832,0.8685302520468989,-0.9130964988892126
0.8485821935392294,0.8630266148571869,-0.1964941538261331
0.08407452995833486,0.6033175342499737,0.3897398725822617
0.04418431115920263,0.6257980076761271,-0.4017381757233184
0.8851944269185977,0.25139788708667277,0.9316137752694542
0.37826799924244925,0.7612316334839553,0.6844499653443167
0.719028111392698,0.6241630968149343,0.9718967982983755
0.33416086465190964,0.3381413314645936,0.5075309307592608
0.5617207496675019,0.08217433346655378,-0.7461172864051768
0.5029467920777321,0.038012777789501406,0.9993286127837301
0.34280455772864404,0.4869563068696088,-0.9150642728000824
0.6017374300013133,0.8786260393613605,-0.3224683695188521
0.5511649199006716,0.8923852393825086,-0.9951471450923245
0.4919783578368281,0.17725754322867726,0.25490311340767857
0.1065974861428709,0.9438158091317385,-0.39357243728850605
0.5917855361118745,0.010062019334648897,0.9997956067517279
0.9863477161081325,0.33604268406719684,-0.9733801613244544
0.6293622808733311,0.9272639333085128,-0.9712918078629411
0.18897926012771815,0.29421017997632726,-0.16050861344492645
0.006779685893068099,0.4023252348397326,-0.4810029438739273
0.6562505142867517,0.12769512787372284,0.5541862681904652
0.15082234287498408,0.40596857417157395,0.9759322657330235
0.3315453923492425,0.9598123085756927,-0.5094350306369089
0.5764642016818121,0.18029174973893936,0.9887734598013233
0.92321701951332,0.8177391472989536,-0.4254695598655958
0.5226486097900495,0.977779038393103,0.9172605004256038
0.8399245175447937,0.8633116030611978,-0.0786768273639373
0.6521430754125362,0.4194310619852467,0.9982416240201601
0.816440467757884,0.453192626117883,-0.6436783217927483
0.10507931793488234,0.17525346813968012,0.9991627091916795
0.15388449692549633,0.12096054001210133,0.3067822787779662
0.38555960868422556,0.3628394008314284,-0.5267635333394728
0.916260407225482,0.4843848798877173,-0.8759590437487288
0.4329513838561171,0.2364031996301852,0.980398102059147
0.2671659229455986,0.5039237597593419,-0.21311160272156826
0.2093061725385893,0.9414521086441361,-0.976720283040717
0.8075483742616996,0.12851884556923565,0.5834918890497836
0.3319072054099784,0.19371743736041613,-0.9360589801603675
0.5386132136042306,0.1256142744385177,-0.8229702169261968
0.9326181119815904,0.022907313231474324,0.0567877323325097
0.6508880157078797,0.8950644078656016,-0.313626634175506
0.2608597976405681,0.20425933279296926,-0.9808896583275425
0.33152751448440543,0.5912730356745038,-0.4894185393057055
0.25027333329668766,0.08753334025876847,0.2707097471352546
0.9470705294780157,0.9715608782080672,0.4404565110111771
0.8149974969781968,0.7230674052524225,0.8398037230171023
0.8197098652706779,0.5448933320989052,-0.6825354703784824
0.34341640480186575,0.16264669410880261,-0.8603559688993001
0.8325049259383516,0.8851579443681514,0.7245183562270822
0.015365426692794948,0.5646930954776114,-0.06550800034594231
0.5309242999818033,0.5772992452612506,0.019886528199492177
0.0499278957940702,0.3778395261444344,-0.28279734914856774
0.07915218748406483,0.056209688829939375,-0.06058050414617356
0.8799705778674799,0.7456900289292308,0.9369307861719706
0.6478595854035926,0.26239367632483945,-0.9961827808300618
0.6763011075710277,0.404018528518321,0.9969830961107943
0.8558009537897353,0.8236299642758391,-0.9961726888574871
0.373101176328528,0.0627047098431811,0.760995018903103
0.21451603122982987,0.3555867678514846,0.9893085122973492
0.21555648069922684,0.8279030594349331,0.24555869257676455
0.5659372132888651,0.08416294835825011,-0.8254729873786445
0.5055552981965433,0.5253069615161057,0.030110837138068253
0.8333322461277066,0.028642380517630017,-0.822150385432091
0.5170722279688511,0.26425444938769005,-0.06435756997334652
0.15607610479331502,0.8428314078708967,0.9980141144636696
0.8761613596294285,0.29389257057639995,0.8181333484794573
0.12658013889402175,0.07810103784349876,-0.9976014676445304
0.8343604251919718,0.5987965817366656,-0.4436416931483895
0.19129644272089597,0.28607099406568004,-0.3230120885085418
0.7693759428159158,0.4085319358691638,0.2684433603740932
0.5534779740807534,0.2321461671332843,0.3700830603993624
0.0745296388690041,0.6407106342050979,-0.2680659160336413
0.5002477599026623,0.911211504683066,-0.3159634374440307
0.7050505512328378,0.5153475743442026,0.5475684333093175
0.03261078790405991,0.41103643445678073,-0.07773507983496142
0.9650863458536687,0.3040719320961751,-0.38623431419967236
0.3556385318008235,0.574008134349018,-0.835677321410702
0.45671452143841285,0.823791325179689,-0.21879407750993554
0.9425957180256351,0.08737239057714541,0.44106392406273276
0.22693212100885707,0.7330930986004296,-0.3613177658575333
0.8415872761105373,0.05163812140891977,0.038978516138368925
0.6183113652478094,0.00020176059100052157,0.9971068051273694
0.9254766127414452,0.5426762801011554,-0.8670551405996026
0.8423035864774907,0.1313002215827057,0.08538534159422179
0.5096413653338195,0.7418005949498722,0.19076179908483135
0.0807075192725617,0.6484678712214292,-0.32226535863220873
0.6597776534232319,0.9789885473569145,0.300169935539064
0.03419520602288295,0.7622372379908088,0.44160974180448587
0.8231270422647707,0.7772832825763641,-0.40171079203152443
0.46334760799164687,0.014246008469779525,0.10145971146453808
0.8212163023487007,0.47059205217727995,-0.7455358049717241
0.4649489556983025,0.3721748102207041,-0.9914793812731598
0.008122685743799374,0.6051764485826514,-0.5460960190709235
0.5209890364746739,0.15766037638012775,-0.046619728380525194
0.05664957840108997,0.9481960408903135,0.3835072048210889
0.4538214312925998,0.4143625385407582,-0.8585046743572575
0.5857808033962647,0.3913810369748768,0.3460861608484615
0.4897022568328018,0.6150855675105138,-0.8086384002810613
0.5624010045373895,0.2952921192969148,-0.9879549171323799
0.7414538205007526,0.35990732567793926,0.9648655663890268
0.22949515907879348,0.5300541997591394,0.3085259317774178
0.9803578859418044,0.474880750883132,-0.28205773753985736
0.7752778045668501,0.964286434903388,-0.9881941197058606
0.7800568364432368,0.8144426825418604,-0.84795913110878
0.14508211686470363,0.5964324189062746,0.9492632640942957
0.22432839638647295,0.7092765461149845,0.1981629492594203
0.7382099913229192,0.956609525682227,-0.9999365299735631
0.5491258210673707,0.21517080776581377,0.8105861098210804
0.4369015642298646,0.5144251094893721,-0.7213987016568861
0.8533772452631928,0.5769935226495582,-0.8035616578950291
0.33108052459365656,0.3229998281634121,0.7671331238060518
0.0737837381249854,0.07901968929774827,-0.7664080092409045
0.4186141141290308,0.354472193365436,-0.7367570961227853
0.05304561132614072,0.15583477510941557,0.28852861872951413
0.6291017296657194,0.01686633043915997,0.7537224336861672
0.23382408343161387,0.37198129720480555,0.9341813600452468
0.8848385969081725,0.022400060969327562,-0.5342088742654185
0.27999230394190444,0.4835685577704395,-0.3524194923722019
0.05747830535842635,0.4430571692534724,0.49840197426992255
0.10217594834181354,0.7773644327666512,0.05077429691905819
0.6608102253314528,0.1121798014119717,0.07511815980413748
0.40906023520790813,0.23988602489068112,0.9219261867659279
0.4659727833999251,0.16299545793691672,-0.5256932294148979
0.7402669181961475,0.5892900296612306,0.5757197082177592
0.7344245319510767,0.6393191006984221,0.9819077954074744
0.41453602131029343,0.6587915901511009,-0.5108280397113938
0.16989469887385444,0.25583139680772415,-0.9826708543314714
0.6294784137875876,0.29186486550417234,-0.8220280811723968
0.7281534779352011,0.8422773347181424,0.5503310715436223
0.06610774412700038,0.021128450868911575,0.9956373300505851
0.46402947178619447,0.0728460301670597,0.6763551901148322
0.28670823845749305,0.4949467503274012,-0.4436845149603829
0.30289546129739353,0.24624844539866597,0.020349407655181107
0.4833020696283261,0.8940940665256168,-0.683729571317009
0.5228164618833414,0.38995121841965297,-0.4411202372974509
0.07290506205556557,0.3976334904737202,0.2685715670945031
0.467163634224824,0.1931535914998055,0.4530209090298576
0.021444490887624457,0.6063812936633713,-0.41305627454517035
0.783818542841493,0.02774543078515168,-0.9986555314543366
0.23223212127923065,0.6165020083275017,0.8701973588715652
0.014724463877228366,0.9778973202518341,0.8708411274444402
0.7589515176160049,0.16447471437750294,-0.03738964725535811
0.042790177369211424,0.375283061784639,-0.40279542889127606
0.7241171090417262,0.6994763807118878,0.4155179461119779
0.9532542397951096,0.6127304627193262,-0.979363408392854
0.9421474938732708,0.9152484115614091,0.5329832719799426
0.19893074996643012,0.8486617054734452,0.9218792881990207
0.30159918482984693,0.09913329719319874,0.9773359413381821
0.2081772078770957,0.8963071620718936,0.34708055248437136
0.6847672144664227,0.4914336224660585,0.7340656457266153
0.6448724754140394,0.01651857518582711,0.6203876634183495
0.8316525903362858,0.770669060056375,-0.10803136234270108
0.6816143891374195,0.23193157356614558,-0.9407354765640944
0.851720448898362,0.48411573503687,-0.9528864104696033
0.4680711365860426,0.09731081696844468,-0.2370163102832589
0.2211209402572012,0.44864680298043513,0.5021533389823715
0.8962013686901479,0.09118369008244964,0.7803396127755297
0.42626417419585805,0.2032371693312639,0.2759304182027533
0.07345692543768856,0.24860126431595986,-0.33814289910247064
0.9396570419565377,0.8447628822543375,-0.9139960400661422
0.5927652748641602,0.8080580015025463,0.9054459336330435
0.991430455161427,0.38098135337180894,-0.8282269732318447
0.29960863312888686,0.9617255739769018,-0.8472660351748454
0.6696904226520043,0.10458027986413443,-0.0958588851882597
0.8311467951102511,0.46781974132304405,-0.816635398493751
0.45810981172322895,0.6840283707782637,-0.5420630012567297
0.43557955662531533,0.13749903416147646,-0.9661527065437298
0.5647198677255025,0.7669427584977079,0.20948096981700395
0.518060514271312,0.18369369991920603,0.7172396624277809
0.41800432712157154,0.6074080781941907,-0.9858815265549624
0.472427512164014,0.7437837907227139,0.6546165238748043
0.12109144622660273,0.3358756055044134,-0.11182524602398435
0.8798572126680847,0.3067639225807174,0.5757169189396332
0.55842723630626,0.7820642733075449,0.6768050748761681
0.5887717056445103,0.5293465507220033,0.8734140452760669
0.840261016506444,0.8986027077581606,0.9367704114576275
0.07184523240661056,0.33563083021152385,-0.6710867837555914
0.7726828277020189,0.8449344138020178,0.11541905553354903
0.3485541648417535,0.28787830972438166,0.9927225812532359
0.15585621900522184,0.9426133064309606,-0.877314456986758
0.36856277399963533,0.5379306250704765,-0.985583665852079
0.9586599187597883,0.0995804955664158,-0.20491853368668442
0.2773061470000232,0.5236057688544666,-0.3037246880017802
0.16012815256982493,0.10229331011606357,-0.29717244943572074
0.470158092594959,0.2793486331105508,0.13324160392687728
0.5349264232543264,0.8898850279873344,-0.9999217002194852
0.01968575843500886,0.15899887238727928,-0.016574894363092445
0.6174783502275236,0.30782531199914487,-0.6781129102595339
0.9104081537227278,0.7282268925193626,0.8811569764213153
0.7854441138840292,0.7126290953475367,0.7745817293532564
0.2603607016463143,0.6345791298790153,0.8284393483411037
0.5222614112808825,0.19000739187575733,0.8724284299534819
0.17449280053591143,0.9761210457448438,0.007032025146749286
0.5761017542353568,0.5256128305155792,0.7929670075007619
0.23342747976229894,0.9619118889030409,-0.9613368117989927
0.06095672213688619,0.5870188950878635,0.2948944658145594
0.07846721598306838,0.02791939287946066,0.8697738415292761
0.3491907588158123,0.6853263878750193,0.7338128437288355
0.5156560953274066,0.7265225471748439,-0.28437983327630006
0.9705226100950846,0.8276280886892405,-0.1754718944956351
0.8492338613378985,0.6604758885521113,0.3111755925620794
0.24555466446911078,0.8931599197986968,0.8085421858762596
0.14525455655903385,0.529367967544168,0.9798514913293825
0.0034876284653176937,0.999652842561729,0.057500322800944324
0.9801494371593528,0.8583025096582971,-0.9007853243363027
0.42631737690034344,0.15518693400650474,-0.969309882310554
0.1316142013627355,0.1727992318292889,0.9577834975023798
0.15929633565970602,0.4874927034567039,0.9125658763305964
0.9695124772219265,0.7715820899504394,0.999655812617689
0.7939676436492951,0.31787853751473394,0.9925714629179934
0.39908111596120277,0.9336132332573036,0.9720244931877119
0.8441907326124372,0.00989695821948433,-0.9999939007819744
0.665909720229804,0.7278137923761541,-0.8406379949643298
0.37452031640705996,0.2161401610934649,0.03209397983557308
0.09810330887259844,0.04381500067774291,0.18345539999789165
0.7085673407853468,0.43422615858154934,0.7089325458729784
0.4198151784556643,0.5394892635318431,-0.893109419169317
0.10020122369303663,0.1678437647704022,0.9633886214358813
0.7532483752090906,0.36712599126671586,0.8615098966119744
0.8656735922420191,0.9129450671382414,0.99085883893093
0.2049008816989485,0.8994471754423745,0.19440200408534808
0.44392119092001703,0.7702117614278815,0.9677461028707196
0.5128982708603487,0.33686731383584567,-0.9929998274010348
0.7163568048736867,0.6648391399520862,0.8777471486808522
0.07547894256326015,0.06880503455943299,-0.4812797741138814
0.9413581865111653,0.5885258678198344,-0.9390210522471635
0.5226535560129575,0.40616361843846904,-0.2545874697463284
0.857096082665634,0.22240134667179146,0.003954266887879189
0.6286316818909183,0.568692812531498,0.9699313263343669
0.6601990198239912,0.1823079813869095,0.5658847590206278
0.3912346036985396,0.39691971283074656,-0.900808302057678
0.6838100045279861,0.2887061425174934,-0.35092069112268415
0.7791680348564738,0.28585442575989795,0.6961288144149218
0.9952531162956183,0.4524818257477772,-0.1980951412348789
0.11688152829623821,0.5775784383840414,0.890026425511579
0.18868634580131405,0.45782850385289775,0.7711300607195228
0.9313805671485327,0.7821510972541632,0.7166643915476306
0.12817689645707597,0.41619831794602025,0.9237393432670535
0.32683934890607724,0.18403630371796997,-0.9997795978939676
0.7148093737316117,0.8123826914186475,-0.2570301868397396
0.21814224006371608,0.1445036081641914,0.9217960827951344
0.8390439842878119,0.4348188832312613,-0.7554979779344451
0.10730548076250512,0.8779792638586099,-0.23252755624977572
0.14481665445474068,0.14844979333815733,0.9272687353754008
0.5488225953672531,0.8091042745900646,0.9890839416902524
0.4535263594280776,0.8912786417752967,-0.4649515609406281
0.7444674366916634,0.5631065010123535,0.31046016789347847
0.6745451244497838,0.3559697475593949,0.8008814392877834
0.007802715439124364,0.08642055956517136,-0.32067901333978105
0.05073117481903022,0.25149017499658466,-0.1395392041359699
0.65426743923431,0.26526885914470344,-0.9702279457215612
0.4346323785662656,0.3782485503472127,-0.9874299831933688
0.11608753340150113,0.08915683814691178,-0.975823553584136
0.43793712002380447,0.6143619435527604,-0.9999343023602435
0.8435488516360103,0.9471786580947816,0.10950248140102778
0.8905482313677846,0.3530597153237168,-0.4357302017585687
0.4781858311367765,0.817227599778728,0.26503764033957905
0.27888804797233946,0.9068191659405158,0.749788283410142
0.5969557786370575,0.3008408871846362,-0.9176412230937819
0.4694317929482422,0.9958858521283803,-0.21990383680061476
0.2921034537708582,0.45190400534137665,-0.3764036140906552
0.8433051297110148,0.030524969835395765,-0.6931531581212614
0.8429482257290376,0.84083958424624,-0.789298181422866
0.19804901778888317,0.5932142142369954,0.927555026245435
0.6657518016873684,0.5544511463869539,0.9464668510461213
0.1383426675734638,0.0019162363709335217,0.9705438289736277
0.34170965070769743,0.2756190554893594,0.9633107863264299
0.1410127174364405,0.6303027531840434,0.6696520655164512
0.03764041944083918,0.7853854940875117,0.8941935033693726
0.1688752007851968,0.46249384993652176,0.8941714416863091
0.5897830693742738,0.4307267726122923,0.739168786001772
0.3198125103548024,0.3616289772258088,0.28734715896963997
0.5227853005194143,0.6430270915298454,-0.8197910501147513
0.3368074146765865,0.7225589760739871,0.9591334481382325
0.3917480995322534,0.14930842625710217,-0.9241279128173668
0.799212928941045,0.5541345800550835,-0.42334510511410867
0.7568987834723968,0.7608037623745072,-0.6881753349562927
0.18206147170210119,0.26192386475289964,-0.8753717576762013
0.5470865660187602,0.4982033529658525,0.5576126741001799
0.8809958596786359,0.17180939817207208,-0.9688270161242332
0.12187192050410423,0.6247672363457739,0.5467210198645799
0.42128852081601187,0.15652853245990794,-0.9732234687444755
0.5262728840217444,0.07528743447109187,-0.13276269656754897
0.27117382741105356,0.8592825261855671,0.5979903435698399
0.29858700140829775,0.539793813469524,-0.4903490983718427
0.5985919598029645,0.20631912426637244,0.5639420212171756
0.07375120159874149,0.4927448598990226,0.7977297257347992
0.36366113642822806,0.76642653193676,0.4069530463704054
0.6021204414191178,0.19329201161053822,0.8254709518551754
0.8861740984981834,0.01237487968568618,-0.8087130333018225
0.618532146450011,0.10453641640665146,-0.6746712600112894
0.29599942923587663,0.7200487036201652,0.7410260823790337
0.5344700778686308,0.5386686429740986,0.33400802244111993
0.5456382353321771,0.362484552430417,-0.5489063279730317
0.7021578055942982,0.36514671516233566,0.9900248268405545
0.9865934997817741,0.19037497706518702,0.5842295883123703
0.7001897025015937,0.9848366432163902,0.0275322314826535
0.44908444082101096,0.09687817424947098,0.015591322267667518
0.2179557137405701,0.2515944544833094,-0.781642092072702
0.5157189023041929,0.6332351012853065,-0.7753780122349346
0.2773715651321508,0.2849533335606048,0.6632918702639794
0.5664597989839699,0.6891333158232901,-0.9683711497227441
0.31955544223145094,0.10412932889369741,0.9801455509893274
0.787600967748556,0.4090475932254841,0.036992054023467155
0.4575497683873879,0.7599181836644554,0.9765046813667775
0.13472352595651527,0.7825320091736876,-0.19968947315315644
0.2912338733548593,0.5289219299616411,-0.4496055355082417
0.15793071658565228,0.9684312748439644,-0.08715381765801423
0.4576922604894864,0.843474813625407,-0.771703297656084
0.5763027209478089,0.206819299566544,0.7601307777364105
0.6457995744248066,0.7398088504601389,-0.9999974658893145
0.2676536695268894,0.40405378580456386,0.33792915742462043
0.8390205689255918,0.18586194484836527,-0.981562725170249
0.08811353984322179,0.33766122144862976,-0.47228955119524113
0.32956395162226726,0.8262529304319101,-0.9458910994556213
0.5755840023182931,0.3863811892521992,0.1570922078871147
0.9363197140951224,0.7377233363254319,0.8432098674824227
0.24796022835161546,0.11738905103060615,0.978440868632592
0.2614235353557385,0.6609425230631949,0.9899351236176243
0.9885922431960861,0.2672424764751834,0.21266675061082024
0.689751383957304,0.8432734996584539,0.891190142621583
0.2508021316631024,0.16053804126790128,0.19926245148959773
0.12188018212948115,0.8905289887956525,-0.4921365566786221
0.9491994457258683,0.8798843457264446,-0.7514541049312586
0.26279960588856843,0.19480143816252138,-0.8898305090457217
0.7522267387103965,0.17155700890024894,-0.1932086517421687
0.6025397989470199,0.011589790228252572,0.9846913004186433
0.10622113658065846,0.9150758528777846,-0.997918224642189
0.9068650454664371,0.012633441882821672,-0.6223574993419321
0.16389346829835394,0.5977327341580724,0.9951098139248612
0.5143786864231769,0.5238045651006045,0.14505089309865635
0.5089861341016813,0.5863992589104765,-0.3402239791730321
0.40778671593896787,0.829582558522926,-0.8578077561330512
0.7262688191784381,0.6853241600427294,0.6983150555390363
0.8471321145582223,0.7819384732236917,-0.25049121467751023
0.8180201618435946,0.5247681761520016,-0.7289202174698075
0.9148368817540706,0.7532656094421333,0.9915574777607143
0.6967127606678888,0.4456746273266997,0.7527290383839956
0.21235021252566466,0.7123619157450896,-0.025938663197884744
0.3771810602198329,0.24310192378932116,0.7608084565399887
0.5807023567902099,0.08803548453400933,-0.9645956591452001
0.8316735178460472,0.03753440807299535,-0.5946944293371267
0.9002671294091352,0.9069782797107585,0.6994094253227888
0.20418613849985545,0.9733862353562867,-0.45621014572312424
0.8731317717132401,0.5479876560035568,-0.9862519521618958
0.9077885217527667,0.24256487401254956,0.9437709284621733
0.08735069494458891,0.7918052192730758,0.6299705269804771
0.28801767699258607,0.7737203507462722,-0.679792986607815
0.5459107255759438,0.04818765673940262,0.6206308849318783
0.12380809348719857,0.3796532788693334,0.6196666143073016
0.6304883137995952,0.21016669474643612,0.07771897558478005
0.0992114571594146,0.53498112538184,0.9211094642416174
0.40831922892702766,0.5748044645109478,-0.9973153640473723
0.71725804999431,0.09922139176536715,0.2964148183594278
0.4674483159883278,0.7496920686726283,0.8072493687786421
0.6965884008197248,0.9282944209860626,-0.8446127867455063
0.7369157128812343,0.023401261367501314,-0.6878993193428895
0.959583759272596,0.5703981407239919,-0.7270137663955203
0.07070676784095586,0.819443065507041,0.97729483680967
0.6891004820811945,0.08867984932572082,-0.4359116683976064
0.8140862984483711,0.11397766773992268,0.8789874842790705
0.3161073319712975,0.7294785287950758,0.7484532177245424
0.6769602557189232,0.9347928903569781,-0.9977115684471999
0.9895457675534498,0.16835651121389572,-0.07361928493748056
0.31802965392210514,0.4866160771212561,-0.7471602781427414
0.270835579384173,0.3977111155235822,0.37226324014155987
0.22385940161458595,0.43494638480356795,0.5563740788592216
0.3376776514960098,0.4671656382984738,-0.8598591299394507
0.9607328807139616,0.8877804316529486,-0.6472787443247431
0.2084527379211396,0.21456138407211023,-0.8615048674879138
0.8908879958280574,0.5261139754075783,-0.9876398451937971
0.6012147040697285,0.08246767524650445,-0.9756581716895809
0.7716525298552969,0.6583397000488547,0.9492539657151413
0.10313786163984073,0.07697245021598098,-0.9182735052040778
0.5152541507939763,0.7826175162299179,0.9643229364560236
0.951924640618987,0.36385623848485826,-0.986363918899149
0.7776518145492454,0.4047898390609376,0.20892994452858443
0.5184226463022176,0.8574207267186179,-0.5722289505794566
0.99936915647698,0.7420527881765904,0.3220384031779556
0.46123505372556317,0.8023100954206984,0.5158777886566003
0.7986135394692934,0.244235433139104,-0.0903617159567157
0.9645960068849373,0.16567934382695082,-0.46061305183143264
0.8482522287859692,0.05760631425651608,0.3474905212004236
0.626137355505494,0.6034932419252527,0.799650033321036
0.3986355551047688,0.8501172153863787,-0.9595821066962048
0.28585793577205976,0.03329719517997287,-0.9816374656826512
0.6105445541543448,0.33090954921664595,-0.33592695953845275
0.006439363674919041,0.6801159997828113,-0.9532529981235489
0.27156309249960386,0.3053836694916501,0.9069838038083585
0.20726542662309344,0.25032483804901096,-0.8757403503947654
0.8134641821336398,0.319340140157682,0.9218005506524822
0.9591028058084643,0.8445668392790214,-0.7844617507584624
0.3495850812247009,0.38554946762110276,-0.43301856609590356
0.5493214181480388,0.5492793736524755,0.45243774038605755
0.47155180390875306,0.49408764952996354,-0.351954339031611
0.26496804265356166,0.3932984218823682,0.48935196022097116
0.01685957656282444,0.23014022336415696,0.7823765655077171
0.9650924374334895,0.587807145367569,-0.7918057114190441
0.6502066289015886,0.8244367405838307,0.8147892936151107
0.7735860110314093,0.1722451604868922,-0.4672172786107611
0.13336392894993798,0.4296003117417595,0.979870128370956
0.6153760700405648,0.6453590771650034,0.16148134351303844
0.5796550936538983,0.9542674041386577,0.3347799049031458
0.4435159988502563,0.6668736879304807,-0.677332465274863
0.2223960440849645,0.16858544410642784,0.2776954865270425
0.7633513220167396,0.32340140429443653,0.9893151591146565
0.69342707917658,0.9318338426146913,-0.925342838734089
0.46699188825477933,0.0984213624555319,-0.2643384365951612
0.20183003620082984,0.9677364080418311,-0.6180140779616976
0.6081764246893077,0.7859316879824668,0.23488576354252566
0.9987563406494883,0.6855960750924919,-0.8672842457148279
0.48717699108764934,0.05573648933338049,0.8972803589518942
0.6135387673671527,0.9208131155628272,-0.9817023956492177
0.15556232791063918,0.35679469968139854,0.6475931916247739
0.47833670935418005,0.37547093717560986,-0.9396770177540373
0.6945677258808975,0.9057907286491484,-0.17214182568311034
0.5186373590286497,0.8662254507526985,-0.7967332722326127
0.5249876136291363,0.09312120506563937,-0.7148948899951839
0.31346100315693926,0.44550384582998026,-0.5759429070425507
0.6531304075864957,0.5102829025589809,0.9404173735269888
0.2713378424024441,0.5164429536500479,-0.24873751450297266
0.7869173172170577,0.00020572724923140218,-0.45470278365765604
0.6375571812816515,0.5635755801370773,0.9957695687680295
0.530602369513008,0.5408857751135815,0.27735508105267553
0.79893489487035,0.6411060810380844,0.5643992505915832
0.6104147819032301,0.14084974856954147,0.46635257974100497
0.4119064098889229,0.05777579851293124,0.9173521002964812
0.2990822342331707,0.6479416176983102,0.6565299951724878
0.4312263853685845,0.37833072433748405,-0.9800043066677738
0.020599939292592406,0.8200694329101943,0.6493768408452231
0.9057250554790682,0.9052802610792797,0.5986730257442584
0.568910405912995,0.7444260651488781,-0.46281689754351996
0.6725505908764685,0.4823067895542039,0.8374858086520623
0.11153274483592834,0.004147443633637726,0.9999848495040956
0.1518710662511803,0.14180244668616204,0.8624459880192081
0.5148209778232581,0.3753573248567782,-0.6924800448053461
0.09973838977217675,0.7617951664884864,-0.3700338614271619
0.9618485103685758,0.5364946461568502,-0.5328181380979772
0.2730159983896403,0.7741860510380593,-0.813379317563647
0.3530339117915915,0.39677335437581773,-0.5969897221806731
0.737549748313412,0.7410823883587344,-0.4350076494597384
0.07566350981048986,0.30256693237181675,-0.9836852583465185
0.48314797441794477,0.6898888691537162,-0.688428138068488
0.6988663038346309,0.6673017679942859,0.7193701843855165
0.5846857839359432,0.19450934029014444,0.9130547287436427
0.8877091905060014,0.02875431663893302,-0.27391009381390613
0.6408094370229762,0.9084599215819416,-0.8131080538607842
0.1668595656521269,0.32642578842212044,0.27091512406120255
0.010669609214859266,0.8986199633145829,-0.8001145575619734
0.31726738745215455,0.5281440357079787,-0.714717134525258
0.8025741473282526,0.9987531923444158,-0.6517488967624313
0.6450546959609451,0.31902757936342074,-0.1534331021160388
0.8703790434324309,0.7362555539419336,0.9755031046028314
0.9475960900230808,0.21369516138861455,0.7675758693352975
0.09575421207373613,0.27006232916553574,-0.9343054745582922
0.24978590677419676,0.463287441982588,0.08607238873203424
0.4037631399361892,0.27622816726552246,0.8660090441338081
0.9056565954432334,0.05531836075333363,0.8345694305662545
0.7454415213521379,0.18951799659354018,-0.6496567320821789
0.6787990487085857,0.3902989155058183,0.9980247566015016
0.46071202026998526,0.10111351046242278,-0.2856708321022491
0.574082969245788,0.3358355709284394,-0.6469402132871809
0.5351367332865782,0.6486959825178643,-0.7863223251385423
0.8000722406613773,0.38999893553927545,0.1134572342578992
0.505341308232447,0.6589408935026572,-0.9946359286469644
0.9440297329433359,0.923800752906134,0.7613283958239823
0.2664259938236737,0.023301285605597077,-0.9024794746120217
0.5516367766572945,0.9019726216439208,-0.9678097920080746
0.3437316246711283,0.3181354676839545,0.7297730937612812
0.6566698974069392,0.3547336582405358,0.630904854203244
0.6872281120021768,0.21451213494999088,-0.6961283508981295
0.3553175747564489,0.9276206497231928,0.8493376292768104
0.9211744373510867,0.7589181090051061,0.9777853517444345
0.9814045651593736,0.6267849634859808,-0.938197265656175
0.211426720668475,0.8720190974163463,0.9611486915144507
0.709238045438998,0.4094893482304893,0.8504467772052465
0.7932242226758566,0.9291429081538047,0.17495446860370487
0.68161519705413,0.9610302725279064,-0.6251112845712592
0.45556949298668126,0.6148181180004295,-0.9793110257491174
0.6029074501181488,0.21098216372291667,0.3884847803308418
0.2899921466605977,0.789891410583804,-0.9380010324243044
0.794643238939715,0.6985149703842272,0.9727897353175463
0.9592652170230036,0.16147646074898714,-0.6366646798079162
0.007104304062952149,0.8636385993235514,-0.8269892473618128
0.465956708002466,0.2104466849463662,0.8441392305043819
0.8189262136871754,0.5326444606716816,-0.7174437998501196
0.18302976913170255,0.9491519564786296,-0.9157219279694446
0.6386089603966715,0.09831805717163034,-0.6604036281453519
0.4251637979081099,0.7353717803418677,0.8822419978011976
0.6483175797741008,0.33281976097011123,0.16926866051150863
0.10971392527246027,0.6290674948793701,0.3520411983241365
0.7119307253424303,0.169173381488675,0.3828556300391881
0.043498706415015964,0.4644551877743134,0.4514177038149268
0.024927079547505615,0.3156593719333629,-0.9864188060819497
0.7445657575744119,0.1819719008997991,-0.4327340622717089
0.6584300606538177,0.6891692452406504,-0.16294968878043045
0.843231306044144,0.23206395712540973,0.11776251946867036
0.10221394293366481,0.9306416784133852,-0.7574552335471754
0.5440910593278582,0.6292467555804708,-0.45081985967226784
0.9325918338750269,0.2456179133330758,0.9981068799622098
0.2230744257919488,0.6852537900768898,0.6701614093963305
0.6498720894375898,0.8163342411446637,0.633672339589959
0.2642228448617988,0.4813184259819998,-0.15644795942009188
0.963862678662831,0.626007598411795,-0.9895286257132447
0.29071109488955993,0.8191240833448827,-0.8365603639398991
0.9078106026032778,0.7774895185249328,0.6008389227539097
0.3037520883731004,0.19008635070526114,-0.993695859049012
0.06251086405773276,0.23322771925829122,0.23167490051516978
0.5271902411396009,0.4150758563344018,-0.10273053555796612
0.7036321732104129,0.7427656723106294,-0.796841872635227
0.25369714920052555,0.23157893085429127,-0.8528260400885154
0.5712431009321876,0.8233110441100963,0.9440663096466831
0.8687962306824176,0.13736597856677846,-0.4492093410828164
0.4712690687607233,0.3888521960319308,-0.8998318599006907
0.8979409340824249,0.22468335076821566,0.5530309756494962
0.09875680714454893,0.8905287075812974,-0.7209060866804701
0.9941999995043238,0.5117479152646297,-0.08135255129007384
0.7290941240171042,0.8246321561116441,-0.03238621640729788
0.03752165110061145,0.7764217182121249,0.7411775851125009
0.07377822726651895,0.28113333850995614,-0.936796867003733
0.506963061397715,0.02208283319487936,0.8183858692725513
0.3994518721126856,0.3426952595535513,-0.3658602202913124
0.7866502459622888,0.5207091493594044,-0.42048036616613577
0.6972469234621509,0.8807929546265572,0.7120134895123031
0.4126391820667028,0.008747313585109717,-0.6834817485272087
0.5841457623512978,0.6555723545541858,-0.40211756049089276
0.22638312006177985,0.7309019528022102,-0.3135870752974644
0.8574086784412338,0.6226949624349821,-0.41477766735837573
0.015019579995194654,0.8565844869301685,-0.5828630098107074
0.16880920465749072,0.09682145198202596,-0.3877397467268098
0.12385553984254072,0.5922010129186426,0.8587985129244445
0.12032192970878108,0.28466523709927527,-0.9506894855783004
0.20840009403709536,0.8276491976374524,0.3235086896212582
0.3551190210311993,0.9560219237125983,-0.08984018375002988
0.7497122778706486,0.4146517990175863,0.43733651987209576
0.31885519514149063,0.8484056588933377,-0.3364056335943063
0.7009865337791847,0.892457175991562,0.396586803641952
0.8546524052644291,0.013329701189538246,-0.9636677854690496
0.17704308341535835,0.318519307006921,0.2349035678876653
0.30288934209794316,0.12490199375876543,0.7264838326457252
0.5509724165053973,0.9659554618689438,0.9166396380728303
0.2866093282893073,0.6766038750902565,0.9893834955463174
0.8739006966451828,0.08116137568158877,0.999900451105778
0.1386808332316688,0.2524846582445266,-0.9559242376535543
0.6960073113162722,0.5347142465053096,0.6839388216142032
0.1933597789612388,0.9250793733530723,-0.7973193900336248
0.42053151586159576,0.7026994037304581,0.3145713334887575
0.2192133877328969,0.16912515545696827,0.2983945981699539
0.8658038442933903,0.3009755007982706,0.7968966441692233
0.5456529874479968,0.6002118663973096,-0.04392277216482674
0.051993980690966723,0.007993122471660175,0.8242624199543667
0.402067636585143,0.41887580443581407,-0.997838143673653
0.4597991145770439,0.3447050010835462,-0.9208734250505695
0.921724356142467,0.3038157198491481,0.15359038339982
0.6662221476728786,0.13181086775576756,0.7590552586651228
0.32784113647613977,0.9657507325172086,-0.7269793672089222
0.11122080529856226,0.5838624584307505,0.8214961496552114
0.5483894918872709,0.47366304472127185,0.5354924448636775
0.668067450634988,0.3365444476730234,0.47173149568695294
0.6055370877701541,0.6718430548613139,-0.4448157729410869
0.9027262132420698,0.22961218024868624,0.7126268280667629
0.6678484685726777,0.4680533844062289,0.8891949753301956
0.3625457689535856,0.6807712516445708,0.5297340810131459
0.5791907359630647,0.49413870806698623,0.8376736209273761
0.31750124562700555,0.35600386894226754,0.4039204828996662
0.07582512773973638,0.33703903321365136,-0.6117882569737234
0.09537047700621026,0.06154404187368978,-0.4541517123700774
0.8259871932715953,0.058992517288683044,0.12855581753632647
0.11810248172278026,0.15628189993486674,0.9026083619485028
0.15242738628924046,0.1435654724645744,0.8956090777782493
0.5173649546887594,0.0941129055548563,-0.6729237657923984
0.5639043545673897,0.6110391892373377,0.04615533955878248
0.011960075551470828,0.6436347120131916,-0.8945931492486091
0.6648470556037809,0.12470898614519632,0.5535904801281689
0.676776086417684,0.9158793930315603,-0.7027987833560264
0.7131587481940262,0.3569893194673631,0.990319309564528
0.36647971533091894,0.8389899226942518,-0.9549082099945234
0.8738777663347543,0.5963254570741515,-0.8336490845368839
0.8584955968153701,0.45533402841535187,-0.9457452338203116
0.46212951924377,0.69304127520866,-0.4121101505576955
0.9733635288899279,0.6642663204581222,-0.9208931434404902
0.28437208242173373,0.27436417545989444,0.5195946592143272
0.23354079792580795,0.1924495948043482,-0.6076546232370512
0.27452198814906603,0.5916731728961604,0.2078799259359911
0.4010056900229789,0.3699995267088293,-0.7604853292014858
0.8181942315128088,0.18141147346625197,-0.9766235475520123
0.6084011341804882,0.0882095602542936,-0.9961486479762736
0.28053661159456555,0.6690675686838636,0.9751818877938249
0.984138675129442,0.5818417095019609,-0.5748331654572484
0.6884191362910627,0.3138141378538192,0.275070748934552
0.06541525433879813,0.8606608491734742,-0.13386731332910104
0.3882678412515561,0.9387246332948107,0.841510925992575
0.12980159023167448,0.7951086842856524,0.24931381335616803
0.8382560519468848,0.16996360301418312,-0.9395929588184815
0.14810878617685164,0.4281799716523951,0.9996046672769181
0.21174165384679378,0.8968466051222014,0.3700532994654922
0.5547974773800654,0.40191802222353057,0.0965944159656457
0.45691385728340794,0.5761222309606971,-0.7827451865668453
0.8650734883206778,0.26395139123717215,0.9602357043678912
0.586258182007014,0.7276256750811761,-0.9115643963605795
0.31515052712495306,0.8700278439716197,0.4571435949603173
0.628001423421567,0.5889321033068502,0.9006413352838661
0.015757796540155633,0.1896674410526944,0.8233669184122502
0.5328398843026333,0.8339188115909754,0.3826384935350381
0.05290954036732731,0.86905224455487,-0.5590838443317238
0.08497941511120244,0.08650041269829456,-0.9633745024737629
0.8990332717605158,0.2727500667574756,0.930561985227684
0.6975263575944812,0.7323565829876636,-0.6592266720813651
0.12378963175218505,0.39043217815524445,0.7300812026393836
0.818450314647902,0.22223605738775443,-0.4676941404314618
0.29777978646144854,0.5506541180607905,-0.4274224431016753
0.9910474034325626,0.11825577532082354,-0.9656159775358832
0.42850002940843424,0.17665964567059989,-0.5311812719397494
0.34715073252406403,0.7414324887309851,0.7942296355473245
0.3458668624513881,0.4186003355469503,-0.7145939738621636
0.20479675814010923,0.693418632018956,0.31847891647257853
0.5002870276275477,0.08169320426366933,-0.051820757618572404
0.348496473644776,0.1284943077152877,0.10912589859337385
0.9215690948838643,0.4393199416484215,-0.9367533682508451
0.031351031483853764,0.5430692447594891,0.2755033465638835
0.8136010873337591,0.46483380436847843,-0.6613553466290921
0.04552697082166335,0.6986261132377277,-0.9747333637226618
0.3085167440234191,0.8245944359969314,-0.8581804908589881
0.08676225855518838,0.5818384436161266,0.6266433791767888
0.15141103768446018,0.9660537787255946,-0.09853865217749369
0.5414458844624873,0.7364722955345685,-0.34412569473521004
0.7703793065256751,0.24510165591095745,-0.40840350977698375
0.12304151120498519,0.09924172550053423,-0.7721764396012661
0.6091520320685057,0.951434301034817,-0.13946303644787644
0.3888530680391893,0.9406334230044778,0.8036605886687825
0.11664724932076753,0.5916666404995851,0.812452513730877
0.6211318547950957,0.9269368571705534,-0.9457030602887312
0.6671666912491281,0.5283925200663795,0.8870295981062204
0.35079580938835164,0.05384253177063647,0.2382279570642264
0.37482888020495464,0.8066087869419898,-0.6307020667126457
0.17956297205308902,0.39890185999003647,0.9983674564588361
0.37466675275858774,0.4690545534602183,-0.9979829368321684
0.23092480349078393,0.604243805599103,0.7880167103784925
0.7071340608530919,0.9550698076672954,-0.9422276012917407
0.4636012838667001,0.08180849905180232,0.3937984487454747
0.40488059274049637,0.4601207419694291,-0.961880850338947
0.37636041315269175,0.6490524221162803,-0.2330112344440779
0.5505770421503338,0.4916567656766362,0.5901571063515292
0.3571130572927137,0.06587434047225771,0.7079001419787958
0.5517376242367656,0.7069221712244315,-0.9420751625719909
0.48687882762854795,0.5940489662960877,-0.6513943167519088
0.8262530605359757,0.019481575230690718,-0.9878489506288884
0.6450523669951354,0.44137373980664685,0.9992220371432257
0.7441621687762999,0.3145612173667741,0.8389801614779441
0.9025317331604717,0.6571874288817783,-0.4036067712118471
0.7430719609841316,0.2577005991708663,-0.4020253286330013
0.13446464939430358,0.8151550015767872,0.7452678320180375
0.5647196675519464,0.9087112536200275,-0.9412905645890622
0.864233663549007,0.2680843027946358,0.9831045909365649
0.4983885391932559,0.4460926982495933,-0.19869698535550662
0.7483228388316714,0.4749612605871778,0.059897966830254334
0.7370692604985545,0.1259268490246671,0.9994830790936083
0.1534499888682901,0.621625188843631,0.8531967157645978
0.39972200649836676,0.39799468000473903,-0.9463410424101368
0.01846883406954536,0.0986214061012024,-0.7967623661164939
0.8220682245834044,0.8817520886485956,0.7283712464515774
0.5074424193608588,0.6512069211013257,-0.9629781629487818
0.984694111503739,0.027140347674896037,0.7693485352790546
0.27467655536670177,0.9602261795611715,-0.9537198197201103
0.6638680469602097,0.926961889430047,-0.9790546593453979
0.275049670484522,0.8671136156196277,0.766467381239035
0.535192721290981,0.15666624594144063,0.09713945731297047
0.3968832215032364,0.9818740601607444,-0.5485314864898929
0.31150402698564084,0.5584796430584438,-0.5323747531651777
0.3462487878100927,0.749495356125067,0.6323337907712226
0.8675114769807705,0.5923783361424153,-0.8141109716229398
0.5651803452534307,0.08362871198228661,-0.8082453044383404
0.2974290821683968,0.5862362966620038,-0.13722221965815087
0.7032695671603486,0.21858663721890303,-0.8896679528535435
0.6652851276059202,0.38166770909111625,0.9386365687639636
0.33470718813440736,0.2661949049384297,0.8225296912826316
0.13673237344706524,0.2964973086826743,-0.6915457322225972
0.6971269586817423,0.43770041352656375,0.786017562866767
0.49294278774507605,0.20039581843191856,0.855799663000837
0.7409844216514185,0.8427407238320909,0.42378705126418204
0.10769603344402401,0.10343724301891732,-0.7942598637670008
0.18661870147862214,0.5800619328004386,0.9290648657974715
0.2762978099835428,0.10793124986128622,0.979637832114222
0.0866799687739982,0.8814985791251224,-0.5834751508952589
0.19326996947473474,0.6878961528807727,0.29761152027181426
0.33622230300532996,0.5528106905301892,-0.7900844073774366
0.6669158842925269,0.041837248220619405,-0.5669933369079158
0.7427135022344002,0.9061177607830522,0.4074525692430067
0.5243078561887436,0.3426906442885699,-0.9313618756855134
0.5920558068649243,0.7078163091844841,-0.9897618696053099
0.8672838298343875,0.8828518882918202,0.28425535059072476
0.5356584702708274,0.794345593910865,0.9872491290824449
0.6870107536121467,0.2874562826818462,-0.3417789162384175
0.9876931138375423,0.7559485222377994,0.7586657216190221
0.8284077692935954,0.9826999847086564,-0.9952850565144177
0.9282547749628275,0.4152683339669897,-0.9744301308745306
0.9066422912204843,0.8280383939205921,-0.837676400927704
0.40249831949363934,0.1663119299550918,-0.9449279410035644
0.6409413451265173,0.62110451575822,0.7659670717919264
0.9598102201496738,0.9657419304629841,0.7478418553902565
0.5885067129692397,0.521194952540394,0.8840047813642956
0.32119943420910424,0.7207770791076527,0.905650725219434
0.4558649911934515,0.7010411138357597,-0.1620811622674062
0.7783936556745314,0.4126237880180822,0.11342597866362467
0.20628764631988372,0.6745531569323088,0.6814304689701141
0.8884711496043795,0.48926836167400944,-0.9868837157592862
0.8947300563531422,0.48991448431532625,-0.9709497179130221
0.4428121801849385,0.8606673657671441,-0.9945570655868977
0.4850277762684905,0.2548095552493709,0.5596116016929107
0.23864339157089542,0.89890197969427,0.5972927992402879
0.8923290537371684,0.9014811695784695,0.6186770874278137
0.1370336645863739,0.26475618222703423,-0.9998957572716396
0.5067162428832551,0.7972021690264158,0.9570393935789103
0.26245296427713993,0.7878900454307561,-0.9975389203319318
0.7030325277381043,0.3434011922547241,0.8728745982367979
0.6728381578330882,0.1782846001943459,0.5452673214226061
0.6234778801238287,0.6234127323066908,0.58017731826483
0.9996373757149262,0.3284809752105442,-0.977109026247079
0.7520708342712524,0.1208843034927739,0.9996098403223471
0.7168018878021797,0.46450781744951375,0.47522152538004925
0.3491561043199751,0.43521474068828603,-0.8341858530888256
0.03816155823513434,0.17663905349656894,0.7293437844885057
0.5905093494214971,0.7780690480032275,0.2169692081833784
0.10673917466397498,0.48383804336660163,0.9699753128040834
0.14514659302192678,0.0850482045811276,-0.9092411044182728
0.7346237266248655,0.571282190600314,0.4855607285742459
0.5327064691121467,0.0674568646020729,0.08727851008107163
0.026827618525855357,0.7854053643641812,0.9467917701769488
0.050906112689411254,0.8522070870923486,-0.016238610496029145
0.998032707870721,0.8248037460315519,0.26153133164355097
0.4099967101445374,0.4861867389517649,-0.9098179643253707
0.9192909634644224,0.976335893699096,-0.08077042996312157
0.9358788567603427,0.8890592156120973,-0.33750946184869185
0.579640889486373,0.959830673807886,0.5304913220210659
0.8148871376173658,0.0699695228416426,0.4021810063727821
0.30690323419348664,0.44803310310520195,-0.5209557394018977
0.912666487164234,0.044606246650092496,0.6113463507879364
0.6964585655254066,0.8307153719439748,0.5509721653124401
0.8879128424913715,0.23144607598986278,0.6141535455758012
0.0731400936089488,0.8609589920741185,-0.04784165844903617
0.5802894860429757,0.48873336424741054,0.8420521688670172
0.9555366458824067,0.5825817107286216,-0.830099235197623
0.9202543243310367,0.2032902142621974,0.20426913612473785
0.8756826175740325,0.2167820071870883,0.06635904628113468
0.1336587351398406,0.9661255788295373,0.12685892984622416
0.8347104639963383,0.36110371819403575,0.11275106091922545
0.11026808021250667,0.7375856695109919,-0.9270115915183869
0.6682953233314864,0.9939373802819644,0.7085230529731199
0.6014727780708764,0.025291557011584365,0.7637016303336601
0.9299187094565414,0.7870132129151659,0.5899476667594814
0.6669278480254486,0.8075665581173045,0.18345853909915022
0.19958320519778305,0.7099023398619764,-0.1262529482835969
0.3972064798784627,0.5550279110567491,-0.9957945036020125
0.813412630234886,0.039208853517438635,-0.717867237189994
0.4434081169194364,0.6968184645354115,-0.1036065373362273
0.5002840787941312,0.27324107742260606,-0.08897425408308002
0.7999189845756166,0.7337257691378674,0.5062079301475084
0.8422759772495634,0.4606508924817472,-0.87414816625218
0.26788253151945174,0.5888892623350533,0.25909533098863563
0.44424013553399344,0.5842333246241429,-0.9078519384998848
